S.NO,N,k,edge,zeros_around,time_sec,square_matrix_size,edge/N,zeros_around/N
1,100,0.001,331,462,1688.157222,101,3.31,4.62
2,200,0.001,533,804,2461.425525,101,2.665,4.02
3,300,0.001,708,1150,3120.216575,101,2.36,3.833333333
4,400,0.001,856,1418,3740.840944,101,2.14,3.545
5,500,0.001,1036,1686,4205.218238,101,2.072,3.372
6,600,0.001,1209,2022,4649.949274,101,2.015,3.37
7,700,0.001,1367,2318,4937.676242,101,1.952857143,3.311428571
8,800,0.001,1562,2648,5227.424443,101,1.9525,3.31
9,900,0.001,1745,2972,5471.713184,101,1.938888889,3.302222222
10,1000,0.001,1871,3270,5695.66226,101,1.871,3.27
11,1100,0.001,2014,3578,5880.45806,101,1.830909091,3.252727273
12,1200,0.001,2190,3906,6077.539415,101,1.825,3.255
13,1300,0.001,2322,4200,6233.148512,101,1.786153846,3.230769231
14,1400,0.001,2482,4488,6411.208821,101,1.772857143,3.205714286
15,1500,0.001,2653,4782,6561.871428,101,1.768666667,3.188
16,100,0.005,289,398,218.9438672,101,2.89,3.98
17,200,0.005,507,740,346.0379741,101,2.535,3.7
18,300,0.005,712,1070,433.28321,101,2.373333333,3.566666667
19,400,0.005,949,1442,506.4405046,101,2.3725,3.605
20,500,0.005,1139,1802,563.0664647,101,2.278,3.604
21,600,0.005,1272,2076,614.4161875,101,2.12,3.46
22,700,0.005,1430,2362,661.782171,101,2.042857143,3.374285714
23,800,0.005,1596,2704,712.8092675,101,1.995,3.38
24,900,0.005,1739,2972,754.6857469,101,1.932222222,3.302222222
25,1000,0.005,1921,3250,794.6690319,101,1.921,3.25
26,1100,0.005,2120,3616,826.7362354,101,1.927272727,3.287272727
27,1200,0.005,2266,3956,862.3437421,101,1.888333333,3.296666667
28,1300,0.005,2418,4286,892.7585459,101,1.86,3.296923077
29,1400,0.005,2607,4608,927.2797012,101,1.862142857,3.291428571
30,1500,0.005,2762,4926,956.3291478,101,1.841333333,3.284
31,100,0.020526316,307,444,110.5270085,101,3.07,4.44
32,200,0.020526316,524,756,157.8410513,101,2.62,3.78
33,300,0.020526316,721,1078,198.5818722,101,2.403333333,3.593333333
34,400,0.020526316,932,1426,233.3540714,101,2.33,3.565
35,500,0.020526316,1113,1804,257.3429031,101,2.226,3.608
36,600,0.020526316,1309,2192,279.0780542,101,2.181666667,3.653333333
37,700,0.020526316,1519,2548,300.1956515,101,2.17,3.64
38,800,0.020526316,1746,2954,318.2451456,101,2.1825,3.6925
39,900,0.020526316,1967,3318,337.5076718,101,2.185555556,3.686666667
40,1000,0.020526316,2176,3720,352.6951244,101,2.176,3.72
41,1100,0.020526316,2329,4050,368.3565466,101,2.117272727,3.681818182
42,1200,0.020526316,2541,4426,382.167439,101,2.1175,3.688333333
43,1300,0.020526316,2736,4798,395.8898253,101,2.104615385,3.690769231
44,1400,0.020526316,2899,5140,406.8851092,101,2.070714286,3.671428571
45,1500,0.020526316,3085,5512,418.3985269,101,2.056666667,3.674666667
46,100,0.036052632,344,414,84.29737091,101,3.44,4.14
47,200,0.036052632,587,832,116.8157568,101,2.935,4.16
48,300,0.036052632,890,1254,147.0422032,101,2.966666667,4.18
49,400,0.036052632,1093,1646,173.0555201,101,2.7325,4.115
50,500,0.036052632,1365,2078,193.0971227,101,2.73,4.156
51,600,0.036052632,1607,2426,209.4092999,101,2.678333333,4.043333333
52,700,0.036052632,1835,2820,226.1315548,101,2.621428571,4.028571429
53,800,0.036052632,2034,3190,237.9899392,101,2.5425,3.9875
54,900,0.036052632,2277,3566,250.5524893,101,2.53,3.962222222
55,1000,0.036052632,2496,3936,261.4803705,101,2.496,3.936
56,1100,0.036052632,2716,4328,272.1508236,101,2.469090909,3.934545455
57,1200,0.036052632,2964,4736,280.099663,101,2.47,3.946666667
58,1300,0.036052632,3222,5156,286.0761907,101,2.478461538,3.966153846
59,1400,0.036052632,3463,5574,292.9173322,101,2.473571429,3.981428571
60,1500,0.036052632,3671,5968,299.9496696,101,2.447333333,3.978666667
61,100,0.051578947,354,470,59.77115655,101,3.54,4.7
62,200,0.051578947,581,864,89.90170121,101,2.905,4.32
63,300,0.051578947,858,1264,117.4985774,101,2.86,4.213333333
64,400,0.051578947,1102,1696,137.2470286,101,2.755,4.24
65,500,0.051578947,1305,2122,157.6490228,101,2.61,4.244
66,600,0.051578947,1537,2536,173.1574078,101,2.561666667,4.226666667
67,700,0.051578947,1782,2948,186.2059164,101,2.545714286,4.211428571
68,800,0.051578947,2037,3396,200.8027155,101,2.54625,4.245
69,900,0.051578947,2340,3854,212.2684557,101,2.6,4.282222222
70,1000,0.051578947,2615,4280,222.5538723,101,2.615,4.28
71,1100,0.051578947,2884,4690,230.9017754,101,2.621818182,4.263636364
72,1200,0.051578947,3121,5130,238.0473206,101,2.600833333,4.275
73,1300,0.051578947,3344,5558,244.6786683,101,2.572307692,4.275384615
74,1400,0.051578947,3597,5976,250.3193057,101,2.569285714,4.268571429
75,1500,0.051578947,3902,6440,256.3063653,101,2.601333333,4.293333333
76,100,0.067105263,342,450,57.90206265,101,3.42,4.5
77,200,0.067105263,627,874,89.47929668,101,3.135,4.37
78,300,0.067105263,886,1264,115.8422556,101,2.953333333,4.213333333
79,400,0.067105263,1144,1670,138.0598118,101,2.86,4.175
80,500,0.067105263,1390,2096,152.1831303,101,2.78,4.192
81,600,0.067105263,1673,2514,166.4478109,101,2.788333333,4.19
82,700,0.067105263,1929,2950,178.6299429,101,2.755714286,4.214285714
83,800,0.067105263,2205,3380,188.5263128,101,2.75625,4.225
84,900,0.067105263,2434,3780,199.7610037,101,2.704444444,4.2
85,1000,0.067105263,2747,4254,209.2902412,101,2.747,4.254
86,1100,0.067105263,3017,4684,216.9525948,101,2.742727273,4.258181818
87,1200,0.067105263,3251,5124,223.7161617,101,2.709166667,4.27
88,1300,0.067105263,3484,5534,228.9709196,101,2.68,4.256923077
89,1400,0.067105263,3782,5956,234.1664827,101,2.701428571,4.254285714
90,1500,0.067105263,4067,6410,239.9911592,101,2.711333333,4.273333333
91,100,0.082631579,342,448,53.57226753,101,3.42,4.48
92,200,0.082631579,613,876,86.55363321,101,3.065,4.38
93,300,0.082631579,913,1298,110.4076941,101,3.043333333,4.326666667
94,400,0.082631579,1214,1746,129.9115529,101,3.035,4.365
95,500,0.082631579,1494,2164,143.5346572,101,2.988,4.328
96,600,0.082631579,1756,2594,156.0650067,101,2.926666667,4.323333333
97,700,0.082631579,2011,3040,170.0611191,101,2.872857143,4.342857143
98,800,0.082631579,2259,3462,179.9921892,101,2.82375,4.3275
99,900,0.082631579,2522,3896,187.9879923,101,2.802222222,4.328888889
100,1000,0.082631579,2758,4282,197.9567747,101,2.758,4.282
101,1100,0.082631579,3060,4694,203.6538327,101,2.781818182,4.267272727
102,1200,0.082631579,3376,5156,209.692888,101,2.813333333,4.296666667
103,1300,0.082631579,3640,5604,215.6727703,101,2.8,4.310769231
104,1400,0.082631579,3891,6025,220.2060211,101,2.779285714,4.303571429
105,1500,0.082631579,4150,6454,225.0731459,101,2.766666667,4.302666667
106,100,0.098157895,313,456,44.55281067,101,3.13,4.56
107,200,0.098157895,582,874,72.54018497,101,2.91,4.37
108,300,0.098157895,868,1290,95.31319571,101,2.893333333,4.3
109,400,0.098157895,1154,1730,110.6666787,101,2.885,4.325
110,500,0.098157895,1485,2216,125.2194302,101,2.97,4.432
111,600,0.098157895,1723,2622,136.4928024,101,2.871666667,4.37
112,700,0.098157895,2006,3060,145.6339514,101,2.865714286,4.371428571
113,800,0.098157895,2290,3482,154.2615352,101,2.8625,4.3525
114,900,0.098157895,2565,3908,162.4405105,101,2.85,4.342222222
115,1000,0.098157895,2876,4392,169.2930114,101,2.876,4.392
116,1100,0.098157895,3158,4874,174.5697231,101,2.870909091,4.430909091
117,1200,0.098157895,3468,5350,179.3048646,101,2.89,4.458333333
118,1300,0.098157895,3771,5800,182.808017,101,2.900769231,4.461538462
119,1400,0.098157895,4040,6208,186.1361663,101,2.885714286,4.434285714
120,1500,0.098157895,4277,6674,189.078186,101,2.851333333,4.449333333
121,100,0.113684211,323,444,57.77461386,101,3.23,4.44
122,200,0.113684211,635,898,87.82650208,101,3.175,4.49
123,300,0.113684211,960,1386,110.1402311,101,3.2,4.62
124,400,0.113684211,1256,1840,125.76352,101,3.14,4.6
125,500,0.113684211,1548,2284,141.5166721,101,3.096,4.568
126,600,0.113684211,1855,2726,152.7066488,101,3.091666667,4.543333333
127,700,0.113684211,2147,3166,163.6427855,101,3.067142857,4.522857143
128,800,0.113684211,2450,3600,172.0981417,101,3.0625,4.5
129,900,0.113684211,2722,4046,179.3030424,101,3.024444444,4.495555556
130,1000,0.113684211,3013,4546,187.1585505,101,3.013,4.546
131,1100,0.113684211,3310,5007,191.4051783,101,3.009090909,4.551818182
132,1200,0.113684211,3594,5448,196.0063097,101,2.995,4.54
133,1300,0.113684211,3833,5867,199.7326241,101,2.948461538,4.513076923
134,1400,0.113684211,4090,6286,202.8572712,101,2.921428571,4.49
135,1500,0.113684211,4319,6716,206.6569252,101,2.879333333,4.477333333
136,100,0.129210526,351,494,45.34151483,101,3.51,4.94
137,200,0.129210526,683,994,68.5924747,101,3.415,4.97
138,300,0.129210526,999,1454,90.97580957,101,3.33,4.846666667
139,400,0.129210526,1317,1926,108.674772,101,3.2925,4.815
140,500,0.129210526,1677,2408,124.2071874,101,3.354,4.816
141,600,0.129210526,1932,2846,135.9670072,101,3.22,4.743333333
142,700,0.129210526,2260,3332,146.6264102,101,3.228571429,4.76
143,800,0.129210526,2584,3786,154.2260623,101,3.23,4.7325
144,900,0.129210526,2897,4274,160.2578943,101,3.218888889,4.748888889
145,1000,0.129210526,3185,4714,166.4319842,101,3.185,4.714
146,1100,0.129210526,3475,5182,171.3282514,101,3.159090909,4.710909091
147,1200,0.129210526,3769,5628,175.1577394,101,3.140833333,4.69
148,1300,0.129210526,4079,6096,178.5448978,101,3.137692308,4.689230769
149,1400,0.129210526,4371,6538,181.2528329,101,3.122142857,4.67
150,1500,0.129210526,4648,6956,184.0222054,101,3.098666667,4.637333333
151,100,0.144736842,377,508,42.15309763,101,3.77,5.08
152,200,0.144736842,700,962,65.75498462,101,3.5,4.81
153,300,0.144736842,1018,1430,87.48977041,101,3.393333333,4.766666667
154,400,0.144736842,1357,1944,103.1402521,101,3.3925,4.86
155,500,0.144736842,1662,2432,113.4455068,101,3.324,4.864
156,600,0.144736842,1957,2892,123.4850805,101,3.261666667,4.82
157,700,0.144736842,2258,3346,131.7878017,101,3.225714286,4.78
158,800,0.144736842,2574,3792,139.4960105,101,3.2175,4.74
159,900,0.144736842,2905,4244,145.2106309,101,3.227777778,4.715555556
160,1000,0.144736842,3217,4658,150.0875115,101,3.217,4.658
161,1100,0.144736842,3479,5058,155.0414853,101,3.162727273,4.598181818
162,1200,0.144736842,3797,5567,158.9393411,101,3.164166667,4.639166667
163,1300,0.144736842,4047,6011,161.7510934,101,3.113076923,4.623846154
164,1400,0.144736842,4329,6446,164.0888813,101,3.092142857,4.604285714
165,1500,0.144736842,4610,6869,166.0171118,101,3.073333333,4.579333333
166,100,0.160263158,375,470,42.28914666,101,3.75,4.7
167,200,0.160263158,691,960,66.39498854,101,3.455,4.8
168,300,0.160263158,1021,1444,83.64966273,101,3.403333333,4.813333333
169,400,0.160263158,1362,1932,99.53313971,101,3.405,4.83
170,500,0.160263158,1654,2410,110.9338703,101,3.308,4.82
171,600,0.160263158,1970,2864,122.0989995,101,3.283333333,4.773333333
172,700,0.160263158,2307,3324,130.3364055,101,3.295714286,4.748571429
173,800,0.160263158,2637,3780,137.5743873,101,3.29625,4.725
174,900,0.160263158,2908,4232,143.6656969,101,3.231111111,4.702222222
175,1000,0.160263158,3231,4702,148.2829721,101,3.231,4.702
176,1100,0.160263158,3571,5174,152.4740984,101,3.246363636,4.703636364
177,1200,0.160263158,3910,5648,156.232347,101,3.258333333,4.706666667
178,1300,0.160263158,4209,6118,159.6426773,101,3.237692308,4.706153846
179,1400,0.160263158,4551,6568,162.4527779,101,3.250714286,4.691428571
180,1500,0.160263158,4857,7004,164.6615036,101,3.238,4.669333333
181,100,0.175789474,395,492,41.16962957,101,3.95,4.92
182,200,0.175789474,718,964,65.71786642,101,3.59,4.82
183,300,0.175789474,1036,1438,82.98992443,101,3.453333333,4.793333333
184,400,0.175789474,1384,1934,97.54150271,101,3.46,4.835
185,500,0.175789474,1698,2416,108.7495265,101,3.396,4.832
186,600,0.175789474,2022,2862,119.0787284,101,3.37,4.77
187,700,0.175789474,2347,3312,127.9207296,101,3.352857143,4.731428571
188,800,0.175789474,2686,3800,135.4903657,101,3.3575,4.75
189,900,0.175789474,2993,4286,141.5683329,101,3.325555556,4.762222222
190,1000,0.175789474,3329,4772,146.0677617,101,3.329,4.772
191,1100,0.175789474,3636,5248,151.1247773,101,3.305454545,4.770909091
192,1200,0.175789474,3949,5728,156.0083067,101,3.290833333,4.773333333
193,1300,0.175789474,4242,6187,159.1214206,101,3.263076923,4.759230769
194,1400,0.175789474,4613,6703,162.0807722,101,3.295,4.787857143
195,1500,0.175789474,4869,7169,164.3896265,101,3.246,4.779333333
196,100,0.191315789,374,488,44.34141803,101,3.74,4.88
197,200,0.191315789,714,964,70.94308615,101,3.57,4.82
198,300,0.191315789,1061,1448,87.27572441,101,3.536666667,4.826666667
199,400,0.191315789,1412,1942,100.1742768,101,3.53,4.855
200,500,0.191315789,1792,2450,110.9293344,101,3.584,4.9
201,600,0.191315789,2118,2922,120.8265624,101,3.53,4.87
202,700,0.191315789,2424,3382,128.6053238,101,3.462857143,4.831428571
203,800,0.191315789,2752,3848,136.0739663,101,3.44,4.81
204,900,0.191315789,3074,4338,141.343045,101,3.415555556,4.82
205,1000,0.191315789,3406,4816,145.196975,101,3.406,4.816
206,1100,0.191315789,3745,5272,148.6922047,101,3.404545455,4.792727273
207,1200,0.191315789,4062,5730,151.5749919,101,3.385,4.775
208,1300,0.191315789,4442,6232,154.037436,101,3.416923077,4.793846154
209,1400,0.191315789,4700,6654,155.8207626,101,3.357142857,4.752857143
210,1500,0.191315789,4922,7089,157.3959682,101,3.281333333,4.726
211,100,0.206842105,408,496,43.40493274,101,4.08,4.96
212,200,0.206842105,749,998,67.33791733,101,3.745,4.99
213,300,0.206842105,1098,1462,84.62664938,101,3.66,4.873333333
214,400,0.206842105,1429,1950,98.61109805,101,3.5725,4.875
215,500,0.206842105,1824,2448,108.5070579,101,3.648,4.896
216,600,0.206842105,2127,2934,117.6327281,101,3.545,4.89
217,700,0.206842105,2462,3380,124.1368878,101,3.517142857,4.828571429
218,800,0.206842105,2814,3878,129.9632981,101,3.5175,4.8475
219,900,0.206842105,3166,4374,134.8458271,101,3.517777778,4.86
220,1000,0.206842105,3485,4837,138.7840602,101,3.485,4.837
221,1100,0.206842105,3818,5298,142.1544464,101,3.470909091,4.816363636
222,1200,0.206842105,4130,5746,144.5168004,101,3.441666667,4.788333333
223,1300,0.206842105,4422,6219,146.7172465,101,3.401538462,4.783846154
224,1400,0.206842105,4690,6672,148.718437,101,3.35,4.765714286
225,1500,0.206842105,4965,7083,150.6271577,101,3.31,4.722
226,100,0.222368421,352,496,42.5810535,101,3.52,4.96
227,200,0.222368421,695,968,68.54295897,101,3.475,4.84
228,300,0.222368421,1064,1458,87.75981855,101,3.546666667,4.86
229,400,0.222368421,1432,1982,103.3914332,101,3.58,4.955
230,500,0.222368421,1769,2464,113.386919,101,3.538,4.928
231,600,0.222368421,2112,2972,123.7924955,101,3.52,4.953333333
232,700,0.222368421,2431,3434,131.3413539,101,3.472857143,4.905714286
233,800,0.222368421,2787,3928,139.6149135,101,3.48375,4.91
234,900,0.222368421,3140,4404,144.2207,101,3.488888889,4.893333333
235,1000,0.222368421,3468,4864,149.3950799,101,3.468,4.864
236,1100,0.222368421,3779,5328,152.7093523,101,3.435454545,4.843636364
237,1200,0.222368421,4124,5804,156.1152799,101,3.436666667,4.836666667
238,1300,0.222368421,4417,6280,158.8192995,101,3.397692308,4.830769231
239,1400,0.222368421,4774,6794,160.7298126,101,3.41,4.852857143
240,1500,0.222368421,5074,7262,162.83706,101,3.382666667,4.841333333
241,100,0.237894737,415,502,51.45847654,101,4.15,5.02
242,200,0.237894737,737,978,75.78771758,101,3.685,4.89
243,300,0.237894737,1071,1464,92.34522581,101,3.57,4.88
244,400,0.237894737,1416,1976,107.2252858,101,3.54,4.94
245,500,0.237894737,1769,2474,118.4731126,101,3.538,4.948
246,600,0.237894737,2107,2974,127.2319341,101,3.511666667,4.956666667
247,700,0.237894737,2463,3466,134.9223654,101,3.518571429,4.951428571
248,800,0.237894737,2846,3988,139.4740109,101,3.5575,4.985
249,900,0.237894737,3196,4450,143.9207773,101,3.551111111,4.944444444
250,1000,0.237894737,3521,4936,147.9364426,101,3.521,4.936
251,1100,0.237894737,3882,5410,151.1167808,101,3.529090909,4.918181818
252,1200,0.237894737,4191,5910,153.7112901,101,3.4925,4.925
253,1300,0.237894737,4504,6379,156.2395949,101,3.464615385,4.906923077
254,1400,0.237894737,4810,6823,157.8560524,101,3.435714286,4.873571429
255,1500,0.237894737,5132,7314,159.3921812,101,3.421333333,4.876
256,100,0.253421053,382,492,42.33252978,101,3.82,4.92
257,200,0.253421053,687,960,61.59306526,101,3.435,4.8
258,300,0.253421053,999,1404,81.56622219,101,3.33,4.68
259,400,0.253421053,1306,1872,95.71496034,101,3.265,4.68
260,500,0.253421053,1693,2396,107.8078773,101,3.386,4.792
261,600,0.253421053,2055,2888,117.7781835,101,3.425,4.813333333
262,700,0.253421053,2430,3388,125.1322687,101,3.471428571,4.84
263,800,0.253421053,2765,3868,131.3424761,101,3.45625,4.835
264,900,0.253421053,3164,4356,135.6708126,101,3.515555556,4.84
265,1000,0.253421053,3523,4840,140.0485387,101,3.523,4.84
266,1100,0.253421053,3907,5336,143.4916782,101,3.551818182,4.850909091
267,1200,0.253421053,4212,5798,146.3466885,101,3.51,4.831666667
268,1300,0.253421053,4594,6299,148.4767866,101,3.533846154,4.845384615
269,1400,0.253421053,4941,6791,150.5097394,101,3.529285714,4.850714286
270,1500,0.253421053,5247,7265,151.9876812,101,3.498,4.843333333
271,100,0.268947368,425,524,39.14449525,101,4.25,5.24
272,200,0.268947368,792,1032,59.90988088,101,3.96,5.16
273,300,0.268947368,1131,1534,79.73592758,101,3.77,5.113333333
274,400,0.268947368,1499,2050,92.82581615,101,3.7475,5.125
275,500,0.268947368,1837,2538,104.137871,101,3.674,5.076
276,600,0.268947368,2223,3036,112.6467702,101,3.705,5.06
277,700,0.268947368,2621,3566,118.9184914,101,3.744285714,5.094285714
278,800,0.268947368,2988,4064,125.6187174,101,3.735,5.08
279,900,0.268947368,3330,4532,130.4936252,101,3.7,5.035555556
280,1000,0.268947368,3658,4996,134.2420576,101,3.658,4.996
281,1100,0.268947368,4032,5484,137.5890524,101,3.665454545,4.985454545
282,1200,0.268947368,4344,5962,140.632479,101,3.62,4.968333333
283,1300,0.268947368,4678,6464,142.3164806,101,3.598461538,4.972307692
284,1400,0.268947368,5017,6938,143.9459925,101,3.583571429,4.955714286
285,1500,0.268947368,5351,7413,145.4847605,101,3.567333333,4.942
286,100,0.4,457,546,56.87427831,101,4.57,5.46
287,200,0.4,857,1068,87.30307341,101,4.285,5.34
288,300,0.4,1295,1590,102.9655809,101,4.316666667,5.3
289,400,0.4,1673,2106,115.314182,101,4.1825,5.265
290,500,0.4,2052,2602,130.8511069,101,4.104,5.204
291,600,0.4,2423,3114,140.3604178,101,4.038333333,5.19
292,700,0.4,2785,3604,145.27582,101,3.978571429,5.148571429
293,800,0.4,3183,4120,150.3809736,101,3.97875,5.15
294,900,0.4,3563,4632,154.1173842,101,3.958888889,5.146666667
295,1000,0.4,3986,5158,156.9082305,101,3.986,5.158
296,1100,0.4,4349,5646,159.6171305,101,3.953636364,5.132727273
297,1200,0.4,4693,6188,161.5488102,101,3.910833333,5.156666667
298,1300,0.4,5051,6712,163.0028305,101,3.885384615,5.163076923
299,1400,0.4,5318,7185,163.9060996,101,3.798571429,5.132142857
300,1500,0.4,5603,7613,164.7773111,101,3.735333333,5.075333333
301,100,0.426315789,445,550,53.9812119,101,4.45,5.5
302,200,0.426315789,828,1064,85.91500115,101,4.14,5.32
303,300,0.426315789,1252,1566,112.9997964,101,4.173333333,5.22
304,400,0.426315789,1639,2090,128.8680687,101,4.0975,5.225
305,500,0.426315789,2010,2594,141.9927971,101,4.02,5.188
306,600,0.426315789,2433,3116,151.2458949,101,4.055,5.193333333
307,700,0.426315789,2827,3622,158.0091064,101,4.038571429,5.174285714
308,800,0.426315789,3194,4125,165.0583372,101,3.9925,5.15625
309,900,0.426315789,3555,4639,169.2942338,101,3.95,5.154444444
310,1000,0.426315789,3964,5159,173.5290663,101,3.964,5.159
311,1100,0.426315789,4352,5670,176.8155599,101,3.956363636,5.154545455
312,1200,0.426315789,4694,6141,178.9791868,101,3.911666667,5.1175
313,1300,0.426315789,5034,6621,180.6536629,101,3.872307692,5.093076923
314,1400,0.426315789,5351,7096,182.266463,101,3.822142857,5.068571429
315,1500,0.426315789,5609,7540,183.2501845,101,3.739333333,5.026666667
316,100,0.452631579,478,562,67.194242,101,4.78,5.62
317,200,0.452631579,882,1080,98.71980619,101,4.41,5.4
318,300,0.452631579,1283,1596,118.3778148,101,4.276666667,5.32
319,400,0.452631579,1682,2112,134.21154,101,4.205,5.28
320,500,0.452631579,2110,2646,149.038754,101,4.22,5.292
321,600,0.452631579,2541,3178,158.5717695,101,4.235,5.296666667
322,700,0.452631579,2925,3708,166.2045906,101,4.178571429,5.297142857
323,800,0.452631579,3364,4234,171.313992,101,4.205,5.2925
324,900,0.452631579,3760,4766,174.7082503,101,4.177777778,5.295555556
325,1000,0.452631579,4097,5286,178.3628671,101,4.097,5.286
326,1100,0.452631579,4474,5785,181.0622787,101,4.067272727,5.259090909
327,1200,0.452631579,4790,6278,183.2618604,101,3.991666667,5.231666667
328,1300,0.452631579,5081,6746,185.0232115,101,3.908461538,5.189230769
329,1400,0.452631579,5336,7177,186.327419,101,3.811428571,5.126428571
330,1500,0.452631579,5632,7624,187.2541416,101,3.754666667,5.082666667
331,100,0.5,404,500,46.74585581,101,4.04,5
332,200,0.5,788,1042,76.28907061,101,3.94,5.21
333,300,0.5,1222,1586,101.4645936,101,4.073333333,5.286666667
334,400,0.5,1651,2142,118.9225595,101,4.1275,5.355
335,500,0.5,2066,2684,134.6331792,101,4.132,5.368
336,600,0.5,2481,3208,142.7252316,101,4.135,5.346666667
337,700,0.5,2856,3720,150.8564007,101,4.08,5.314285714
338,800,0.5,3278,4240,156.8846216,101,4.0975,5.3
339,900,0.5,3644,4764,161.5945966,101,4.048888889,5.293333333
340,1000,0.5,4019,5290,165.1422534,101,4.019,5.29
341,100,0.521052632,439,538,53.59253669,101,4.39,5.38
342,200,0.521052632,858,1080,83.05546355,101,4.29,5.4
343,300,0.521052632,1244,1598,103.4274368,101,4.146666667,5.326666667
344,400,0.521052632,1668,2154,117.3691545,101,4.17,5.385
345,500,0.521052632,2079,2694,126.8684349,101,4.158,5.388
346,600,0.521052632,2483,3220,134.5617335,101,4.138333333,5.366666667
347,700,0.521052632,2888,3740,140.817584,101,4.125714286,5.342857143
348,800,0.521052632,3313,4282,145.9390521,101,4.14125,5.3525
349,900,0.521052632,3701,4804,149.8101828,101,4.112222222,5.337777778
350,1000,0.521052632,4103,5327,153.0385976,101,4.103,5.327
351,100,0.542105263,451,520,64.04028821,101,4.51,5.2
352,200,0.542105263,845,1050,95.64727831,101,4.225,5.25
353,300,0.542105263,1227,1580,117.5776916,101,4.09,5.266666667
354,400,0.542105263,1671,2098,134.5291035,101,4.1775,5.245
355,500,0.542105263,2063,2610,146.7870903,101,4.126,5.22
356,600,0.542105263,2452,3134,159.788348,101,4.086666667,5.223333333
357,700,0.542105263,2857,3658,171.1763296,101,4.081428571,5.225714286
358,800,0.542105263,3267,4196,179.0189664,101,4.08375,5.245
359,900,0.542105263,3682,4726,183.98243,101,4.091111111,5.251111111
360,1000,0.542105263,4112,5274,187.8215821,101,4.112,5.274
361,100,0.563157895,470,552,50.50643969,101,4.7,5.52
362,200,0.563157895,929,1088,78.26216173,101,4.645,5.44
363,300,0.563157895,1337,1608,98.68988132,101,4.456666667,5.36
364,400,0.563157895,1788,2160,115.4024861,101,4.47,5.4
365,500,0.563157895,2234,2720,126.4410865,101,4.468,5.44
366,600,0.563157895,2642,3264,135.3710642,101,4.403333333,5.44
367,700,0.563157895,3058,3808,141.9135323,101,4.368571429,5.44
368,800,0.563157895,3460,4316,147.1932468,101,4.325,5.395
369,900,0.563157895,3862,4860,151.7078514,101,4.291111111,5.4
370,1000,0.563157895,4219,5356,154.40432,101,4.219,5.356
371,100,0.584210526,463,548,73.34567595,101,4.63,5.48
372,200,0.584210526,851,1054,96.75586414,101,4.255,5.27
373,300,0.584210526,1208,1552,120.1592603,101,4.026666667,5.173333333
374,400,0.584210526,1678,2096,136.1232851,101,4.195,5.24
375,500,0.584210526,2076,2628,148.0646169,101,4.152,5.256
376,600,0.584210526,2560,3164,156.5560451,101,4.266666667,5.273333333
377,700,0.584210526,3048,3720,164.132726,101,4.354285714,5.314285714
378,800,0.584210526,3465,4260,169.0437717,101,4.33125,5.325
379,900,0.584210526,3896,4790,174.2365,101,4.328888889,5.322222222
380,1000,0.584210526,4329,5318,178.0267835,101,4.329,5.318
381,100,0.605263158,422,524,57.19422722,101,4.22,5.24
382,200,0.605263158,880,1066,84.07974148,101,4.4,5.33
383,300,0.605263158,1286,1628,102.2073531,101,4.286666667,5.426666667
384,400,0.605263158,1711,2154,118.023025,101,4.2775,5.385
385,500,0.605263158,2151,2688,135.0544822,101,4.302,5.376
386,600,0.605263158,2565,3224,144.9563236,101,4.275,5.373333333
387,700,0.605263158,2982,3760,151.5778646,101,4.26,5.371428571
388,800,0.605263158,3387,4268,157.0455813,101,4.23375,5.335
389,900,0.605263158,3821,4798,161.8195717,101,4.245555556,5.331111111
390,1000,0.605263158,4238,5336,164.8083303,101,4.238,5.336
391,100,0.626315789,454,526,57.09244347,101,4.54,5.26
392,200,0.626315789,885,1062,89.17153811,101,4.425,5.31
393,300,0.626315789,1349,1610,111.8959913,101,4.496666667,5.366666667
394,400,0.626315789,1777,2158,124.8609309,101,4.4425,5.395
395,500,0.626315789,2202,2702,135.7987993,101,4.404,5.404
396,600,0.626315789,2649,3228,143.6444745,101,4.415,5.38
397,700,0.626315789,3049,3738,150.1491683,101,4.355714286,5.34
398,800,0.626315789,3454,4258,154.9570606,101,4.3175,5.3225
399,900,0.626315789,3827,4780,158.4986432,101,4.252222222,5.311111111
400,1000,0.626315789,4253,5314,161.0531559,101,4.253,5.314
401,100,0.647368421,460,534,56.33725858,101,4.6,5.34
402,200,0.647368421,911,1072,84.91350627,101,4.555,5.36
403,300,0.647368421,1362,1622,101.4568892,101,4.54,5.406666667
404,400,0.647368421,1775,2150,114.7052374,101,4.4375,5.375
405,500,0.647368421,2180,2686,125.998101,101,4.36,5.372
406,600,0.647368421,2601,3214,133.0339196,101,4.335,5.356666667
407,700,0.647368421,3026,3720,139.2619512,101,4.322857143,5.314285714
408,800,0.647368421,3468,4274,143.6396189,101,4.335,5.3425
409,900,0.647368421,3890,4836,148.4468522,101,4.322222222,5.373333333
410,1000,0.647368421,4303,5384,151.537493,101,4.303,5.384
411,100,0.668421053,454,556,57.54926252,101,4.54,5.56
412,200,0.668421053,885,1104,87.32535625,101,4.425,5.52
413,300,0.668421053,1296,1640,107.8360252,101,4.32,5.466666667
414,400,0.668421053,1715,2182,127.3673935,101,4.2875,5.455
415,500,0.668421053,2139,2746,140.1137104,101,4.278,5.492
416,600,0.668421053,2572,3294,148.587198,101,4.286666667,5.49
417,700,0.668421053,3033,3856,154.5746999,101,4.332857143,5.508571429
418,800,0.668421053,3453,4394,158.7207329,101,4.31625,5.4925
419,900,0.668421053,3881,4926,162.548815,101,4.312222222,5.473333333
420,1000,0.668421053,4281,5440,165.8084452,101,4.281,5.44
421,100,0.689473684,455,544,47.598418,101,4.55,5.44
422,200,0.689473684,899,1104,77.98317838,101,4.495,5.52
423,300,0.689473684,1349,1642,98.60027933,101,4.496666667,5.473333333
424,400,0.689473684,1771,2176,111.422955,101,4.4275,5.44
425,500,0.689473684,2202,2704,121.5940616,101,4.404,5.408
426,600,0.689473684,2625,3248,129.7082782,101,4.375,5.413333333
427,700,0.689473684,3028,3772,135.4534352,101,4.325714286,5.388571429
428,800,0.689473684,3471,4316,139.9091892,101,4.33875,5.395
429,900,0.689473684,3890,4858,143.4829993,101,4.322222222,5.397777778
430,1000,0.689473684,4334,5409,145.5928087,101,4.334,5.409
431,100,0.710526316,481,556,57.30249429,101,4.81,5.56
432,200,0.710526316,899,1114,84.9505055,101,4.495,5.57
433,300,0.710526316,1294,1650,103.5525596,101,4.313333333,5.5
434,400,0.710526316,1705,2170,120.9244761,101,4.2625,5.425
435,500,0.710526316,2133,2704,133.7102177,101,4.266,5.408
436,600,0.710526316,2570,3270,141.5399754,101,4.283333333,5.45
437,700,0.710526316,3006,3802,148.5198653,101,4.294285714,5.431428571
438,800,0.710526316,3418,4320,153.857285,101,4.2725,5.4
439,900,0.710526316,3827,4852,157.9934797,101,4.252222222,5.391111111
440,1000,0.710526316,4247,5379,161.6031303,101,4.247,5.379
441,100,0.731578947,428,534,58.74867845,101,4.28,5.34
442,200,0.731578947,888,1086,84.37063718,101,4.44,5.43
443,300,0.731578947,1340,1644,104.7413299,101,4.466666667,5.48
444,400,0.731578947,1776,2194,118.2867055,101,4.44,5.485
445,500,0.731578947,2219,2738,129.1595662,101,4.438,5.476
446,600,0.731578947,2647,3268,138.4185941,101,4.411666667,5.446666667
447,700,0.731578947,3061,3794,145.4664466,101,4.372857143,5.42
448,800,0.731578947,3505,4352,150.2554729,101,4.38125,5.44
449,900,0.731578947,3941,4902,153.3039069,101,4.378888889,5.446666667
450,1000,0.731578947,4364,5446,156.3355651,101,4.364,5.446
451,100,0.752631579,493,566,49.69437623,101,4.93,5.66
452,200,0.752631579,917,1108,76.69541597,101,4.585,5.54
453,300,0.752631579,1354,1646,102.3098719,101,4.513333333,5.486666667
454,400,0.752631579,1844,2196,116.650152,101,4.61,5.49
455,500,0.752631579,2312,2748,127.5552275,101,4.624,5.496
456,600,0.752631579,2724,3282,135.8017523,101,4.54,5.47
457,700,0.752631579,3201,3832,141.5890558,101,4.572857143,5.474285714
458,800,0.752631579,3658,4402,145.8217909,101,4.5725,5.5025
459,900,0.752631579,4056,4908,149.9298704,101,4.506666667,5.453333333
460,1000,0.752631579,4464,5436,152.802897,101,4.464,5.436
461,100,0.773684211,488,566,52.32386303,101,4.88,5.66
462,200,0.773684211,960,1128,84.6917305,101,4.8,5.64
463,300,0.773684211,1395,1684,104.1014962,101,4.65,5.613333333
464,400,0.773684211,1827,2240,119.0814171,101,4.5675,5.6
465,500,0.773684211,2267,2780,130.5146756,101,4.534,5.56
466,600,0.773684211,2692,3330,138.0736408,101,4.486666667,5.55
467,700,0.773684211,3137,3882,143.8844233,101,4.481428571,5.545714286
468,800,0.773684211,3588,4424,147.8771172,101,4.485,5.53
469,900,0.773684211,3997,4964,151.5269458,101,4.441111111,5.515555556
470,1000,0.773684211,4412,5491,154.3077769,101,4.412,5.491
471,100,0.794736842,489,542,48.57282114,101,4.89,5.42
472,200,0.794736842,967,1102,72.64595914,101,4.835,5.51
473,300,0.794736842,1418,1652,91.51339602,101,4.726666667,5.506666667
474,400,0.794736842,1898,2230,104.5400968,101,4.745,5.575
475,500,0.794736842,2381,2798,114.9096334,101,4.762,5.596
476,600,0.794736842,2821,3346,122.756325,101,4.701666667,5.576666667
477,700,0.794736842,3241,3882,129.734669,101,4.63,5.545714286
478,800,0.794736842,3677,4422,134.8224237,101,4.59625,5.5275
479,900,0.794736842,4128,4980,138.2592371,101,4.586666667,5.533333333
480,1000,0.794736842,4501,5532,140.8309557,101,4.501,5.532
481,100,0.815789474,468,574,54.15412188,101,4.68,5.74
482,200,0.815789474,908,1114,86.54232025,101,4.54,5.57
483,300,0.815789474,1325,1622,105.0101342,101,4.416666667,5.406666667
484,400,0.815789474,1723,2158,121.2145822,101,4.3075,5.395
485,500,0.815789474,2162,2698,135.1299119,101,4.324,5.396
486,600,0.815789474,2594,3238,146.348768,101,4.323333333,5.396666667
487,700,0.815789474,3078,3802,153.7958651,101,4.397142857,5.431428571
488,800,0.815789474,3524,4355,158.7357283,101,4.405,5.44375
489,900,0.815789474,3920,4893,164.330189,101,4.355555556,5.436666667
490,1000,0.815789474,4298,5427,168.4568155,101,4.298,5.427
491,100,0.836842105,463,552,54.23626804,101,4.63,5.52
492,200,0.836842105,922,1088,83.17425966,101,4.61,5.44
493,300,0.836842105,1372,1642,101.3791411,101,4.573333333,5.473333333
494,400,0.836842105,1810,2186,113.9035232,101,4.525,5.465
495,500,0.836842105,2281,2732,126.3895566,101,4.562,5.464
496,600,0.836842105,2740,3276,136.0137665,101,4.566666667,5.46
497,700,0.836842105,3202,3850,140.7659984,101,4.574285714,5.5
498,800,0.836842105,3630,4391,144.8211091,101,4.5375,5.48875
499,900,0.836842105,4050,4926,148.5600593,101,4.5,5.473333333
500,1000,0.836842105,4393,5398,150.9698567,101,4.393,5.398
501,100,0.857894737,461,558,51.57447648,101,4.61,5.58
502,200,0.857894737,917,1102,79.015589,101,4.585,5.51
503,300,0.857894737,1343,1644,97.63598824,101,4.476666667,5.48
504,400,0.857894737,1779,2182,111.6958127,101,4.4475,5.455
505,500,0.857894737,2204,2722,122.9128797,101,4.408,5.444
506,600,0.857894737,2666,3278,129.8089952,101,4.443333333,5.463333333
507,700,0.857894737,3098,3822,135.9677248,101,4.425714286,5.46
508,800,0.857894737,3531,4346,141.3301547,101,4.41375,5.4325
509,900,0.857894737,3969,4890,144.6815715,101,4.41,5.433333333
510,1000,0.857894737,4358,5449,147.179709,101,4.358,5.449
511,100,0.878947368,486,568,55.95659518,101,4.86,5.68
512,200,0.878947368,924,1122,83.73091221,101,4.62,5.61
513,300,0.878947368,1393,1652,103.3833845,101,4.643333333,5.506666667
514,400,0.878947368,1889,2218,118.404959,101,4.7225,5.545
515,500,0.878947368,2408,2776,128.2491179,101,4.816,5.552
516,600,0.878947368,2856,3334,135.1051104,101,4.76,5.556666667
517,700,0.878947368,3295,3870,141.3446925,101,4.707142857,5.528571429
518,800,0.878947368,3759,4432,145.9054441,101,4.69875,5.54
519,900,0.878947368,4175,4987,150.3758438,101,4.638888889,5.541111111
520,1000,0.878947368,4581,5526,152.5852509,101,4.581,5.526
521,100,0.9,503,560,54.8773942,101,5.03,5.6
522,200,0.9,936,1116,82.6050272,101,4.68,5.58
523,300,0.9,1382,1668,101.6318436,101,4.606666667,5.56
524,400,0.9,1884,2222,117.0686679,101,4.71,5.555
525,500,0.9,2342,2786,126.4216278,101,4.684,5.572
526,600,0.9,2771,3336,131.5994484,101,4.618333333,5.56
527,700,0.9,3196,3876,136.8843069,101,4.565714286,5.537142857
528,800,0.9,3633,4425,140.2021976,101,4.54125,5.53125
529,900,0.9,4082,4977,142.502774,101,4.535555556,5.53
530,1000,0.9,4469,5505,144.1381643,101,4.469,5.505
